<?xml version="1.0" encoding="UTF-8"?>
<rdf:RDF xmlns:rdf="http://www.w3.org/1999/02/22-rdf-syntax-ns#"
         xmlns:rdfs="http://www.w3.org/2000/01/rdf-schema#"
         xmlns:fiaf="https://fiafcore.org/ontology/">
   <fiaf:WorkVariant rdf:about="http://example.org/EFG/BNFA_avCreation_MFN2747">
      <rdfs:label xml:lang="bg">О, ДОБРУДЖАНСКИ КРАЙ</rdfs:label>
      <fiaf:hasIdentifier>
         <fiaf:Identifier>
            <fiaf:hasIdentifierValue>MFN2747</fiaf:hasIdentifierValue>
         </fiaf:Identifier>
      </fiaf:hasIdentifier>
      <fiaf:hasTitle>
         <fiaf:PreferredTitle>
            <fiaf:hasTitleValue xml:lang="bg">О, ДОБРУДЖАНСКИ КРАЙ</fiaf:hasTitleValue>
         </fiaf:PreferredTitle>
      </fiaf:hasTitle>
      <fiaf:hasTitle>
         <fiaf:TranslatedTitle>
            <fiaf:hasTitleValue xml:lang="en">THE REGION OF DOBRUDZHA</fiaf:hasTitleValue>
         </fiaf:TranslatedTitle>
      </fiaf:hasTitle>
      <fiaf:hasCountry rdf:resource="http://example.org/EFG/country/BG"/>
      <fiaf:hasForm rdf:resource="http://example.org/EFG/form/Documentaryfilm"/>
      <fiaf:hasEvent>
         <fiaf:ProductionEvent>
            <fiaf:hasEventDate>1940</fiaf:hasEventDate>
            <fiaf:hasActivity>
               <fiaf:Director>
                  <fiaf:hasAgent rdf:resource="http://example.org/EFG/BNFA_person_8d4920f9acc3673afed6c2fa34495a90"/>
               </fiaf:Director>
            </fiaf:hasActivity>
         </fiaf:ProductionEvent>
      </fiaf:hasEvent>
      <fiaf:hasManifestation rdf:resource="http://example.org/EFG/BNFA_avManifestation_MFN2747"/>
   </fiaf:WorkVariant>
   <fiaf:Person rdf:about="http://example.org/EFG/BNFA_person_8d4920f9acc3673afed6c2fa34495a90">
      <rdfs:label>Bakardzhiev, Vasil</rdfs:label>
   </fiaf:Person>
   <fiaf:Manifestation rdf:about="http://example.org/EFG/BNFA_avManifestation_MFN2747">
      <fiaf:hasIdentifier>
         <fiaf:Identifier>
            <fiaf:hasIdentifierValue>MFN2747</fiaf:hasIdentifierValue>
         </fiaf:Identifier>
      </fiaf:hasIdentifier>
      <fiaf:hasTitle>
         <fiaf:PreferredTitle>
            <fiaf:hasTitleValue xml:lang="bg">О, ДОБРУДЖАНСКИ КРАЙ</fiaf:hasTitleValue>
         </fiaf:PreferredTitle>
      </fiaf:hasTitle>
      <fiaf:hasSoundCharacteristic rdf:resource="https://fiafcore.org/ontology/Sound"/>
      <fiaf:hasColourCharacteristic rdf:resource="https://fiafcore.org/ontology/BlackAndWhite"/>
      <fiaf:hasFormat rdf:resource="https://fiafcore.org/ontology/35mmFilm"/>
      <fiaf:hasExtent>
         <fiaf:Minutes>
            <fiaf:hasExtentValue>00:08:36</fiaf:hasExtentValue>
         </fiaf:Minutes>
      </fiaf:hasExtent>
      <fiaf:hasItem rdf:resource="http://example.org/EFG/BNFA_item_z91ZjIrEqsNfqkF95pwCWg"/>
   </fiaf:Manifestation>
   <fiaf:Item rdf:about="http://example.org/EFG/BNFA_item_z91ZjIrEqsNfqkF95pwCWg"/>
</rdf:RDF>
