<?xml version="1.0" encoding="UTF-8"?>
<rdf:RDF xmlns:rdf="http://www.w3.org/1999/02/22-rdf-syntax-ns#"
         xmlns:rdfs="http://www.w3.org/2000/01/rdf-schema#"
         xmlns:fiaf="https://fiafcore.org/ontology/">
   <fiaf:WorkVariant rdf:about="http://example.org/EFG/BNFA_avCreation_MFN2753">
      <rdfs:label xml:lang="bg">ИЗБОР НА ЦАРИЦА НА ЛЪЖЕНСКИЯ ПЛАЖ</rdfs:label>
      <fiaf:hasIdentifier>
         <fiaf:Identifier>
            <fiaf:hasIdentifierValue>MFN2753</fiaf:hasIdentifierValue>
         </fiaf:Identifier>
      </fiaf:hasIdentifier>
      <fiaf:hasTitle>
         <fiaf:PreferredTitle>
            <fiaf:hasTitleValue xml:lang="bg">ИЗБОР НА ЦАРИЦА НА ЛЪЖЕНСКИЯ ПЛАЖ</fiaf:hasTitleValue>
         </fiaf:PreferredTitle>
      </fiaf:hasTitle>
      <fiaf:hasTitle>
         <fiaf:TranslatedTitle>
            <fiaf:hasTitleValue xml:lang="en">QUEEN OF THE BEACH CONTEST AT THE LUJENE BEACH</fiaf:hasTitleValue>
         </fiaf:TranslatedTitle>
      </fiaf:hasTitle>
      <fiaf:hasCountry rdf:resource="http://example.org/EFG/country/BG"/>
      <fiaf:hasForm rdf:resource="http://example.org/EFG/form/Documentaryfilm"/>
      <fiaf:hasEvent>
         <fiaf:ProductionEvent>
            <fiaf:hasEventDate>1940</fiaf:hasEventDate>
            <fiaf:hasActivity>
               <fiaf:Cinematographer>
                  <fiaf:hasAgent rdf:resource="http://example.org/EFG/BNFA_person_16fd19ae42bb22f73eef6129f7537804"/>
               </fiaf:Cinematographer>
            </fiaf:hasActivity>
         </fiaf:ProductionEvent>
      </fiaf:hasEvent>
      <fiaf:hasManifestation rdf:resource="http://example.org/EFG/BNFA_avManifestation_MFN2753"/>
   </fiaf:WorkVariant>
   <fiaf:Person rdf:about="http://example.org/EFG/BNFA_person_16fd19ae42bb22f73eef6129f7537804">
      <rdfs:label>Totev, Spas</rdfs:label>
   </fiaf:Person>
   <fiaf:Manifestation rdf:about="http://example.org/EFG/BNFA_avManifestation_MFN2753">
      <fiaf:hasIdentifier>
         <fiaf:Identifier>
            <fiaf:hasIdentifierValue>MFN2753</fiaf:hasIdentifierValue>
         </fiaf:Identifier>
      </fiaf:hasIdentifier>
      <fiaf:hasTitle>
         <fiaf:PreferredTitle>
            <fiaf:hasTitleValue xml:lang="bg">ИЗБОР НА ЦАРИЦА НА ЛЪЖЕНСКИЯ ПЛАЖ</fiaf:hasTitleValue>
         </fiaf:PreferredTitle>
      </fiaf:hasTitle>
      <fiaf:hasSoundCharacteristic rdf:resource="https://fiafcore.org/ontology/Sound"/>
      <fiaf:hasColourCharacteristic rdf:resource="https://fiafcore.org/ontology/BlackAndWhite"/>
      <fiaf:hasFormat rdf:resource="https://fiafcore.org/ontology/35mmFilm"/>
      <fiaf:hasExtent>
         <fiaf:Minutes>
            <fiaf:hasExtentValue>00:06:10</fiaf:hasExtentValue>
         </fiaf:Minutes>
      </fiaf:hasExtent>
      <fiaf:hasItem rdf:resource="http://example.org/EFG/BNFA_item_s37ITPuSPwnwsGVkOnjowg"/>
   </fiaf:Manifestation>
   <fiaf:Item rdf:about="http://example.org/EFG/BNFA_item_s37ITPuSPwnwsGVkOnjowg"/>
</rdf:RDF>
