<?xml version="1.0" encoding="UTF-8"?>
<rdf:RDF xmlns:rdf="http://www.w3.org/1999/02/22-rdf-syntax-ns#"
         xmlns:rdfs="http://www.w3.org/2000/01/rdf-schema#"
         xmlns:fiaf="https://fiafcore.org/ontology/">
   <fiaf:WorkVariant rdf:about="http://example.org/EFG/BNFA_avCreation_BNF010002764">
      <rdfs:label xml:lang="bg">Седмичен кинопреглед 425</rdfs:label>
      <fiaf:hasIdentifier>
         <fiaf:Identifier>
            <fiaf:hasIdentifierValue>BNF010002764</fiaf:hasIdentifierValue>
         </fiaf:Identifier>
      </fiaf:hasIdentifier>
      <fiaf:hasTitle>
         <fiaf:PreferredTitle>
            <fiaf:hasTitleValue xml:lang="bg">Седмичен кинопреглед 425</fiaf:hasTitleValue>
         </fiaf:PreferredTitle>
      </fiaf:hasTitle>
      <fiaf:hasTitle>
         <fiaf:TranslatedTitle>
            <fiaf:hasTitleValue xml:lang="en">Weekly Newsreel 425</fiaf:hasTitleValue>
         </fiaf:TranslatedTitle>
      </fiaf:hasTitle>
      <fiaf:hasCountry rdf:resource="http://example.org/EFG/country/BG"/>
      <fiaf:hasForm rdf:resource="http://example.org/EFG/form/Newsreel"/>
      <fiaf:hasEvent>
         <fiaf:ProductionEvent>
            <fiaf:hasEventDate>1952</fiaf:hasEventDate>
            <fiaf:hasActivity>
               <fiaf:Director>
                  <fiaf:hasAgent rdf:resource="http://example.org/EFG/BNFA_person_f310ea5e1e7239e46df78551840df72a"/>
               </fiaf:Director>
            </fiaf:hasActivity>
            <fiaf:hasActivity>
               <fiaf:Cinematographer>
                  <fiaf:hasAgent rdf:resource="http://example.org/EFG/BNFA_person_1f9ad986cdbddda339a7aa284b70a494"/>
               </fiaf:Cinematographer>
            </fiaf:hasActivity>
            <fiaf:hasActivity>
               <fiaf:Cinematographer>
                  <fiaf:hasAgent rdf:resource="http://example.org/EFG/BNFA_person_4750805793daecff48207dfa14f0e152"/>
               </fiaf:Cinematographer>
            </fiaf:hasActivity>
            <fiaf:hasActivity>
               <fiaf:Cinematographer>
                  <fiaf:hasAgent rdf:resource="http://example.org/EFG/BNFA_person_0fca01e2cd59dffac034c851d567d494"/>
               </fiaf:Cinematographer>
            </fiaf:hasActivity>
            <fiaf:hasActivity>
               <fiaf:Cinematographer>
                  <fiaf:hasAgent rdf:resource="http://example.org/EFG/BNFA_person_286a61f2f81838482ef9dfd52d9b209b"/>
               </fiaf:Cinematographer>
            </fiaf:hasActivity>
            <fiaf:hasActivity>
               <fiaf:ProductionCompany>
                  <fiaf:hasAgent rdf:resource="http://example.org/EFG/BNFA_corporate_f05d07b7f7f8f48146ed9c72f988b393"/>
               </fiaf:ProductionCompany>
            </fiaf:hasActivity>
         </fiaf:ProductionEvent>
      </fiaf:hasEvent>
      <fiaf:hasManifestation rdf:resource="http://example.org/EFG/BNFA_avManifestation_BNF010002764"/>
   </fiaf:WorkVariant>
   <fiaf:Person rdf:about="http://example.org/EFG/BNFA_person_f310ea5e1e7239e46df78551840df72a">
      <rdfs:label>Grigorov, Rumen</rdfs:label>
   </fiaf:Person>
   <fiaf:Person rdf:about="http://example.org/EFG/BNFA_person_1f9ad986cdbddda339a7aa284b70a494">
      <rdfs:label>Alurkov, Georgi</rdfs:label>
   </fiaf:Person>
   <fiaf:Person rdf:about="http://example.org/EFG/BNFA_person_4750805793daecff48207dfa14f0e152">
      <rdfs:label>Shahov, Yanko</rdfs:label>
   </fiaf:Person>
   <fiaf:Person rdf:about="http://example.org/EFG/BNFA_person_0fca01e2cd59dffac034c851d567d494">
      <rdfs:label>Toshev, Kiril</rdfs:label>
   </fiaf:Person>
   <fiaf:Person rdf:about="http://example.org/EFG/BNFA_person_286a61f2f81838482ef9dfd52d9b209b">
      <rdfs:label>Efremov, Boris</rdfs:label>
   </fiaf:Person>
   <fiaf:CorporateBody rdf:about="http://example.org/EFG/BNFA_corporate_f05d07b7f7f8f48146ed9c72f988b393">
      <rdfs:label>Studia za Hronikalni i Dokumentalni Filmi</rdfs:label>
   </fiaf:CorporateBody>
   <fiaf:Manifestation rdf:about="http://example.org/EFG/BNFA_avManifestation_BNF010002764">
      <fiaf:hasIdentifier>
         <fiaf:Identifier>
            <fiaf:hasIdentifierValue>BNF010002764</fiaf:hasIdentifierValue>
         </fiaf:Identifier>
      </fiaf:hasIdentifier>
      <fiaf:hasTitle>
         <fiaf:PreferredTitle>
            <fiaf:hasTitleValue xml:lang="bg">Седмичен кинопреглед 425</fiaf:hasTitleValue>
         </fiaf:PreferredTitle>
      </fiaf:hasTitle>
      <fiaf:hasSoundCharacteristic rdf:resource="https://fiafcore.org/ontology/Sound"/>
      <fiaf:hasColourCharacteristic rdf:resource="https://fiafcore.org/ontology/BlackAndWhite"/>
      <fiaf:hasFormat rdf:resource="https://fiafcore.org/ontology/35mmFilm"/>
      <fiaf:hasExtent>
         <fiaf:Minutes>
            <fiaf:hasExtentValue>00:11:04</fiaf:hasExtentValue>
         </fiaf:Minutes>
      </fiaf:hasExtent>
      <fiaf:hasItem rdf:resource="http://example.org/EFG/BNFA_item_fWTox2bbgrftxp1qbYq4Rg"/>
   </fiaf:Manifestation>
   <fiaf:Item rdf:about="http://example.org/EFG/BNFA_item_fWTox2bbgrftxp1qbYq4Rg"/>
</rdf:RDF>
