<?xml version="1.0" encoding="UTF-8"?>
<rdf:RDF xmlns:rdf="http://www.w3.org/1999/02/22-rdf-syntax-ns#"
         xmlns:rdfs="http://www.w3.org/2000/01/rdf-schema#"
         xmlns:fiaf="https://fiafcore.org/ontology/">
   <fiaf:WorkVariant rdf:about="http://example.org/EFG/BNFA_avCreation_MFN2720">
      <rdfs:label xml:lang="bg">БОМБИ НАД СОФИЯ</rdfs:label>
      <fiaf:hasIdentifier>
         <fiaf:Identifier>
            <fiaf:hasIdentifierValue>MFN2720</fiaf:hasIdentifierValue>
         </fiaf:Identifier>
      </fiaf:hasIdentifier>
      <fiaf:hasTitle>
         <fiaf:PreferredTitle>
            <fiaf:hasTitleValue xml:lang="bg">БОМБИ НАД СОФИЯ</fiaf:hasTitleValue>
         </fiaf:PreferredTitle>
      </fiaf:hasTitle>
      <fiaf:hasTitle>
         <fiaf:TranslatedTitle>
            <fiaf:hasTitleValue xml:lang="en">THE BOMBING OF SOFIA</fiaf:hasTitleValue>
         </fiaf:TranslatedTitle>
      </fiaf:hasTitle>
      <fiaf:hasCountry rdf:resource="http://example.org/EFG/country/BG"/>
      <fiaf:hasForm rdf:resource="http://example.org/EFG/form/Documentaryfilm"/>
      <fiaf:hasEvent>
         <fiaf:ProductionEvent>
            <fiaf:hasEventDate>1944</fiaf:hasEventDate>
         </fiaf:ProductionEvent>
      </fiaf:hasEvent>
      <fiaf:hasManifestation rdf:resource="http://example.org/EFG/BNFA_avManifestation_MFN2720"/>
   </fiaf:WorkVariant>
   <fiaf:Manifestation rdf:about="http://example.org/EFG/BNFA_avManifestation_MFN2720">
      <fiaf:hasIdentifier>
         <fiaf:Identifier>
            <fiaf:hasIdentifierValue>MFN2720</fiaf:hasIdentifierValue>
         </fiaf:Identifier>
      </fiaf:hasIdentifier>
      <fiaf:hasTitle>
         <fiaf:PreferredTitle>
            <fiaf:hasTitleValue xml:lang="bg">БОМБИ НАД СОФИЯ</fiaf:hasTitleValue>
         </fiaf:PreferredTitle>
      </fiaf:hasTitle>
      <fiaf:hasSoundCharacteristic rdf:resource="https://fiafcore.org/ontology/Silent"/>
      <fiaf:hasColourCharacteristic rdf:resource="https://fiafcore.org/ontology/BlackAndWhite"/>
      <fiaf:hasFormat rdf:resource="https://fiafcore.org/ontology/35mmFilm"/>
      <fiaf:hasExtent>
         <fiaf:Minutes>
            <fiaf:hasExtentValue>00:09:25</fiaf:hasExtentValue>
         </fiaf:Minutes>
      </fiaf:hasExtent>
      <fiaf:hasLanguageUsage>
         <fiaf:Intertitles>
            <fiaf:hasLanguage rdf:resource="http://example.org/EFG/language/bg"/>
         </fiaf:Intertitles>
      </fiaf:hasLanguageUsage>
      <fiaf:hasItem rdf:resource="http://example.org/EFG/BNFA_item_Wvap2FQ0xtBc0aJNU67Y3Q"/>
   </fiaf:Manifestation>
   <fiaf:Item rdf:about="http://example.org/EFG/BNFA_item_Wvap2FQ0xtBc0aJNU67Y3Q"/>
</rdf:RDF>
