<?xml version="1.0" encoding="UTF-8"?>
<rdf:RDF xmlns:rdf="http://www.w3.org/1999/02/22-rdf-syntax-ns#"
         xmlns:rdfs="http://www.w3.org/2000/01/rdf-schema#"
         xmlns:fiaf="https://fiafcore.org/ontology/">
   <fiaf:WorkVariant rdf:about="http://example.org/EFG/BNFA_avCreation_BNF010002494">
      <rdfs:label xml:lang="bg">Седмичен кино преглед 159</rdfs:label>
      <fiaf:hasIdentifier>
         <fiaf:Identifier>
            <fiaf:hasIdentifierValue>BNF010002494</fiaf:hasIdentifierValue>
         </fiaf:Identifier>
      </fiaf:hasIdentifier>
      <fiaf:hasTitle>
         <fiaf:PreferredTitle>
            <fiaf:hasTitleValue xml:lang="bg">Седмичен кино преглед 159</fiaf:hasTitleValue>
         </fiaf:PreferredTitle>
      </fiaf:hasTitle>
      <fiaf:hasTitle>
         <fiaf:TranslatedTitle>
            <fiaf:hasTitleValue xml:lang="en">Weekly Newsreel 159</fiaf:hasTitleValue>
         </fiaf:TranslatedTitle>
      </fiaf:hasTitle>
      <fiaf:hasCountry rdf:resource="http://example.org/EFG/country/BG"/>
      <fiaf:hasForm rdf:resource="http://example.org/EFG/form/Newsreel"/>
      <fiaf:hasEvent>
         <fiaf:ProductionEvent>
            <fiaf:hasEventDate>1947</fiaf:hasEventDate>
            <fiaf:hasActivity>
               <fiaf:Cinematographer>
                  <fiaf:hasAgent rdf:resource="http://example.org/EFG/BNFA_person_208fbf83906476cc440ecdbcce3755ad"/>
               </fiaf:Cinematographer>
            </fiaf:hasActivity>
            <fiaf:hasActivity>
               <fiaf:Cinematographer>
                  <fiaf:hasAgent rdf:resource="http://example.org/EFG/BNFA_person_70fc3a25c0705b86e1d43cd956edf482"/>
               </fiaf:Cinematographer>
            </fiaf:hasActivity>
            <fiaf:hasActivity>
               <fiaf:Cinematographer>
                  <fiaf:hasAgent rdf:resource="http://example.org/EFG/BNFA_person_20b096df4eda667a5258d8f78e5a4fec"/>
               </fiaf:Cinematographer>
            </fiaf:hasActivity>
            <fiaf:hasActivity>
               <fiaf:Cinematographer>
                  <fiaf:hasAgent rdf:resource="http://example.org/EFG/BNFA_person_545c4854c22a96b7e90a8f95a4ea386f"/>
               </fiaf:Cinematographer>
            </fiaf:hasActivity>
            <fiaf:hasActivity>
               <fiaf:Cinematographer>
                  <fiaf:hasAgent rdf:resource="http://example.org/EFG/BNFA_person_21a533db5b6a5dc3ba77fb2c0b3c107b"/>
               </fiaf:Cinematographer>
            </fiaf:hasActivity>
            <fiaf:hasActivity>
               <fiaf:ProductionCompany>
                  <fiaf:hasAgent rdf:resource="http://example.org/EFG/BNFA_corporate_44ad5ee1beca01c91076e06e55f4da73"/>
               </fiaf:ProductionCompany>
            </fiaf:hasActivity>
         </fiaf:ProductionEvent>
      </fiaf:hasEvent>
      <fiaf:hasManifestation rdf:resource="http://example.org/EFG/BNFA_avManifestation_BNF010002494"/>
   </fiaf:WorkVariant>
   <fiaf:Person rdf:about="http://example.org/EFG/BNFA_person_208fbf83906476cc440ecdbcce3755ad">
      <rdfs:label>Boyadzhiev, Dimitar</rdfs:label>
   </fiaf:Person>
   <fiaf:Person rdf:about="http://example.org/EFG/BNFA_person_70fc3a25c0705b86e1d43cd956edf482">
      <rdfs:label>Petrov, Stefan</rdfs:label>
   </fiaf:Person>
   <fiaf:Person rdf:about="http://example.org/EFG/BNFA_person_20b096df4eda667a5258d8f78e5a4fec">
      <rdfs:label>Valchev, Aleksandar</rdfs:label>
   </fiaf:Person>
   <fiaf:Person rdf:about="http://example.org/EFG/BNFA_person_545c4854c22a96b7e90a8f95a4ea386f">
      <rdfs:label>Hristov, Iliya</rdfs:label>
   </fiaf:Person>
   <fiaf:Person rdf:about="http://example.org/EFG/BNFA_person_21a533db5b6a5dc3ba77fb2c0b3c107b">
      <rdfs:label>Karadimov, Simeon</rdfs:label>
   </fiaf:Person>
   <fiaf:CorporateBody rdf:about="http://example.org/EFG/BNFA_corporate_44ad5ee1beca01c91076e06e55f4da73">
      <rdfs:label>Bulgarsko Delo</rdfs:label>
   </fiaf:CorporateBody>
   <fiaf:Manifestation rdf:about="http://example.org/EFG/BNFA_avManifestation_BNF010002494">
      <fiaf:hasIdentifier>
         <fiaf:Identifier>
            <fiaf:hasIdentifierValue>BNF010002494</fiaf:hasIdentifierValue>
         </fiaf:Identifier>
      </fiaf:hasIdentifier>
      <fiaf:hasTitle>
         <fiaf:PreferredTitle>
            <fiaf:hasTitleValue xml:lang="bg">Седмичен кино преглед 159</fiaf:hasTitleValue>
         </fiaf:PreferredTitle>
      </fiaf:hasTitle>
      <fiaf:hasSoundCharacteristic rdf:resource="https://fiafcore.org/ontology/Sound"/>
      <fiaf:hasColourCharacteristic rdf:resource="https://fiafcore.org/ontology/BlackAndWhite"/>
      <fiaf:hasFormat rdf:resource="https://fiafcore.org/ontology/35mmFilm"/>
      <fiaf:hasExtent>
         <fiaf:Minutes>
            <fiaf:hasExtentValue>00:12:13</fiaf:hasExtentValue>
         </fiaf:Minutes>
      </fiaf:hasExtent>
      <fiaf:hasItem rdf:resource="http://example.org/EFG/BNFA_item_N8bguEYbc6xriBWhTgrPkA"/>
   </fiaf:Manifestation>
   <fiaf:Item rdf:about="http://example.org/EFG/BNFA_item_N8bguEYbc6xriBWhTgrPkA"/>
</rdf:RDF>
