<?xml version="1.0" encoding="UTF-8"?>
<rdf:RDF xmlns:rdf="http://www.w3.org/1999/02/22-rdf-syntax-ns#"
         xmlns:rdfs="http://www.w3.org/2000/01/rdf-schema#"
         xmlns:fiaf="https://fiafcore.org/ontology/">
   <fiaf:WorkVariant rdf:about="http://example.org/EFG/BNFA_avCreation_BNF010002548">
      <rdfs:label xml:lang="bg">Седмичен кино преглед 211</rdfs:label>
      <fiaf:hasIdentifier>
         <fiaf:Identifier>
            <fiaf:hasIdentifierValue>BNF010002548</fiaf:hasIdentifierValue>
         </fiaf:Identifier>
      </fiaf:hasIdentifier>
      <fiaf:hasTitle>
         <fiaf:PreferredTitle>
            <fiaf:hasTitleValue xml:lang="bg">Седмичен кино преглед 211</fiaf:hasTitleValue>
         </fiaf:PreferredTitle>
      </fiaf:hasTitle>
      <fiaf:hasTitle>
         <fiaf:TranslatedTitle>
            <fiaf:hasTitleValue xml:lang="en">Newsreel 211</fiaf:hasTitleValue>
         </fiaf:TranslatedTitle>
      </fiaf:hasTitle>
      <fiaf:hasCountry rdf:resource="http://example.org/EFG/country/BG"/>
      <fiaf:hasForm rdf:resource="http://example.org/EFG/form/Newsreel"/>
      <fiaf:hasEvent>
         <fiaf:ProductionEvent>
            <fiaf:hasEventDate>1948</fiaf:hasEventDate>
            <fiaf:hasActivity>
               <fiaf:Cinematographer>
                  <fiaf:hasAgent rdf:resource="http://example.org/EFG/BNFA_person_d40a5f158227fecab3ddf95003283378"/>
               </fiaf:Cinematographer>
            </fiaf:hasActivity>
            <fiaf:hasActivity>
               <fiaf:Cinematographer>
                  <fiaf:hasAgent rdf:resource="http://example.org/EFG/BNFA_person_f570604355fa5f6b0fe432be70445589"/>
               </fiaf:Cinematographer>
            </fiaf:hasActivity>
            <fiaf:hasActivity>
               <fiaf:Cinematographer>
                  <fiaf:hasAgent rdf:resource="http://example.org/EFG/BNFA_person_55b7c0a98513be4c798b1d6b19038881"/>
               </fiaf:Cinematographer>
            </fiaf:hasActivity>
            <fiaf:hasActivity>
               <fiaf:Cinematographer>
                  <fiaf:hasAgent rdf:resource="http://example.org/EFG/BNFA_person_20b096df4eda667a5258d8f78e5a4fec"/>
               </fiaf:Cinematographer>
            </fiaf:hasActivity>
            <fiaf:hasActivity>
               <fiaf:Cinematographer>
                  <fiaf:hasAgent rdf:resource="http://example.org/EFG/BNFA_person_98f11ea379e91684091cc17f000acf49"/>
               </fiaf:Cinematographer>
            </fiaf:hasActivity>
            <fiaf:hasActivity>
               <fiaf:Cinematographer>
                  <fiaf:hasAgent rdf:resource="http://example.org/EFG/BNFA_person_28f1b7cbdddf3676d8186c1ae3665f1d"/>
               </fiaf:Cinematographer>
            </fiaf:hasActivity>
            <fiaf:hasActivity>
               <fiaf:ProductionCompany>
                  <fiaf:hasAgent rdf:resource="http://example.org/EFG/BNFA_corporate_f1776b6afb44cdb788507a194da322b5"/>
               </fiaf:ProductionCompany>
            </fiaf:hasActivity>
         </fiaf:ProductionEvent>
      </fiaf:hasEvent>
      <fiaf:hasManifestation rdf:resource="http://example.org/EFG/BNFA_avManifestation_BNF010002548"/>
   </fiaf:WorkVariant>
   <fiaf:Person rdf:about="http://example.org/EFG/BNFA_person_d40a5f158227fecab3ddf95003283378">
      <rdfs:label>Shahov, Yanko</rdfs:label>
   </fiaf:Person>
   <fiaf:Person rdf:about="http://example.org/EFG/BNFA_person_f570604355fa5f6b0fe432be70445589">
      <rdfs:label>Petrov, Stefa, Boyadzhiev</rdfs:label>
   </fiaf:Person>
   <fiaf:Person rdf:about="http://example.org/EFG/BNFA_person_55b7c0a98513be4c798b1d6b19038881">
      <rdfs:label>Dimitar</rdfs:label>
   </fiaf:Person>
   <fiaf:Person rdf:about="http://example.org/EFG/BNFA_person_20b096df4eda667a5258d8f78e5a4fec">
      <rdfs:label>Valchev, Aleksandar</rdfs:label>
   </fiaf:Person>
   <fiaf:Person rdf:about="http://example.org/EFG/BNFA_person_98f11ea379e91684091cc17f000acf49">
      <rdfs:label>Mladenov</rdfs:label>
   </fiaf:Person>
   <fiaf:Person rdf:about="http://example.org/EFG/BNFA_person_28f1b7cbdddf3676d8186c1ae3665f1d">
      <rdfs:label>Penev, Dimitar</rdfs:label>
   </fiaf:Person>
   <fiaf:CorporateBody rdf:about="http://example.org/EFG/BNFA_corporate_f1776b6afb44cdb788507a194da322b5">
      <rdfs:label>Bulgarska Kinematografia</rdfs:label>
   </fiaf:CorporateBody>
   <fiaf:Manifestation rdf:about="http://example.org/EFG/BNFA_avManifestation_BNF010002548">
      <fiaf:hasIdentifier>
         <fiaf:Identifier>
            <fiaf:hasIdentifierValue>BNF010002548</fiaf:hasIdentifierValue>
         </fiaf:Identifier>
      </fiaf:hasIdentifier>
      <fiaf:hasTitle>
         <fiaf:PreferredTitle>
            <fiaf:hasTitleValue xml:lang="bg">Седмичен кино преглед 211</fiaf:hasTitleValue>
         </fiaf:PreferredTitle>
      </fiaf:hasTitle>
      <fiaf:hasSoundCharacteristic rdf:resource="https://fiafcore.org/ontology/Sound"/>
      <fiaf:hasColourCharacteristic rdf:resource="https://fiafcore.org/ontology/BlackAndWhite"/>
      <fiaf:hasFormat rdf:resource="https://fiafcore.org/ontology/35mmFilm"/>
      <fiaf:hasExtent>
         <fiaf:Minutes>
            <fiaf:hasExtentValue>00:11:25</fiaf:hasExtentValue>
         </fiaf:Minutes>
      </fiaf:hasExtent>
      <fiaf:hasLanguageUsage>
         <fiaf:Intertitles>
            <fiaf:hasLanguage rdf:resource="http://example.org/EFG/language/bg"/>
         </fiaf:Intertitles>
      </fiaf:hasLanguageUsage>
      <fiaf:hasItem rdf:resource="http://example.org/EFG/BNFA_item_jaGxIByINt2I2v-N-h2TvQ"/>
   </fiaf:Manifestation>
   <fiaf:Item rdf:about="http://example.org/EFG/BNFA_item_jaGxIByINt2I2v-N-h2TvQ"/>
</rdf:RDF>
