<?xml version="1.0" encoding="UTF-8"?>
<rdf:RDF xmlns:rdf="http://www.w3.org/1999/02/22-rdf-syntax-ns#"
         xmlns:rdfs="http://www.w3.org/2000/01/rdf-schema#"
         xmlns:fiaf="https://fiafcore.org/ontology/">
   <fiaf:WorkVariant rdf:about="http://example.org/EFG/BNFA_avCreation_BNF010003555">
      <rdfs:label xml:lang="bg">Кино преглед 48</rdfs:label>
      <fiaf:hasIdentifier>
         <fiaf:Identifier>
            <fiaf:hasIdentifierValue>BNF010003555</fiaf:hasIdentifierValue>
         </fiaf:Identifier>
      </fiaf:hasIdentifier>
      <fiaf:hasTitle>
         <fiaf:PreferredTitle>
            <fiaf:hasTitleValue xml:lang="bg">Кино преглед 48</fiaf:hasTitleValue>
         </fiaf:PreferredTitle>
      </fiaf:hasTitle>
      <fiaf:hasTitle>
         <fiaf:TranslatedTitle>
            <fiaf:hasTitleValue xml:lang="en">Newsreel 48</fiaf:hasTitleValue>
         </fiaf:TranslatedTitle>
      </fiaf:hasTitle>
      <fiaf:hasCountry rdf:resource="http://example.org/EFG/country/BG"/>
      <fiaf:hasForm rdf:resource="http://example.org/EFG/form/Newsreel"/>
      <fiaf:hasEvent>
         <fiaf:ProductionEvent>
            <fiaf:hasEventDate>1967</fiaf:hasEventDate>
            <fiaf:hasActivity>
               <fiaf:Director>
                  <fiaf:hasAgent rdf:resource="http://example.org/EFG/BNFA_person_99c8fe5de6a35f8e4d07185a96026b27"/>
               </fiaf:Director>
            </fiaf:hasActivity>
            <fiaf:hasActivity>
               <fiaf:Cinematographer>
                  <fiaf:hasAgent rdf:resource="http://example.org/EFG/BNFA_person_e73e4ad4989af4e01db376b667cd3867"/>
               </fiaf:Cinematographer>
            </fiaf:hasActivity>
            <fiaf:hasActivity>
               <fiaf:Cinematographer>
                  <fiaf:hasAgent rdf:resource="http://example.org/EFG/BNFA_person_286a61f2f81838482ef9dfd52d9b209b"/>
               </fiaf:Cinematographer>
            </fiaf:hasActivity>
            <fiaf:hasActivity>
               <fiaf:Cinematographer>
                  <fiaf:hasAgent rdf:resource="http://example.org/EFG/BNFA_person_c0546bac62d8bb681191daaf9dee1684"/>
               </fiaf:Cinematographer>
            </fiaf:hasActivity>
            <fiaf:hasActivity>
               <fiaf:Cinematographer>
                  <fiaf:hasAgent rdf:resource="http://example.org/EFG/BNFA_person_eb23babcbc4b255882501c59b7c322a8"/>
               </fiaf:Cinematographer>
            </fiaf:hasActivity>
            <fiaf:hasActivity>
               <fiaf:Cinematographer>
                  <fiaf:hasAgent rdf:resource="http://example.org/EFG/BNFA_person_9087f201995679e1c5c638eb29a8e673"/>
               </fiaf:Cinematographer>
            </fiaf:hasActivity>
            <fiaf:hasActivity>
               <fiaf:Cinematographer>
                  <fiaf:hasAgent rdf:resource="http://example.org/EFG/BNFA_person_6157edf0a6d8752ac9b7b684a72d322d"/>
               </fiaf:Cinematographer>
            </fiaf:hasActivity>
            <fiaf:hasActivity>
               <fiaf:Cinematographer>
                  <fiaf:hasAgent rdf:resource="http://example.org/EFG/BNFA_person_c23cb973d1796b2679fe7b454de99fb4"/>
               </fiaf:Cinematographer>
            </fiaf:hasActivity>
            <fiaf:hasActivity>
               <fiaf:Cinematographer>
                  <fiaf:hasAgent rdf:resource="http://example.org/EFG/BNFA_person_150e2139c8d8d6bc405736196d9b8e88"/>
               </fiaf:Cinematographer>
            </fiaf:hasActivity>
            <fiaf:hasActivity>
               <fiaf:Cinematographer>
                  <fiaf:hasAgent rdf:resource="http://example.org/EFG/BNFA_person_a455914fa7e28e922331bc73b78e5f55"/>
               </fiaf:Cinematographer>
            </fiaf:hasActivity>
            <fiaf:hasActivity>
               <fiaf:Cinematographer>
                  <fiaf:hasAgent rdf:resource="http://example.org/EFG/BNFA_person_70fc3a25c0705b86e1d43cd956edf482"/>
               </fiaf:Cinematographer>
            </fiaf:hasActivity>
            <fiaf:hasActivity>
               <fiaf:Cinematographer>
                  <fiaf:hasAgent rdf:resource="http://example.org/EFG/BNFA_person_ac4bc8bb8bfab8bc19b9dc20d9fb45f8"/>
               </fiaf:Cinematographer>
            </fiaf:hasActivity>
            <fiaf:hasActivity>
               <fiaf:ProductionCompany>
                  <fiaf:hasAgent rdf:resource="http://example.org/EFG/BNFA_corporate_f05d07b7f7f8f48146ed9c72f988b393"/>
               </fiaf:ProductionCompany>
            </fiaf:hasActivity>
         </fiaf:ProductionEvent>
      </fiaf:hasEvent>
      <fiaf:hasManifestation rdf:resource="http://example.org/EFG/BNFA_avManifestation_BNF010003555"/>
   </fiaf:WorkVariant>
   <fiaf:Person rdf:about="http://example.org/EFG/BNFA_person_99c8fe5de6a35f8e4d07185a96026b27">
      <rdfs:label>Deyanov, Aleksandar</rdfs:label>
   </fiaf:Person>
   <fiaf:Person rdf:about="http://example.org/EFG/BNFA_person_e73e4ad4989af4e01db376b667cd3867">
      <rdfs:label>Kitanov, Iliya</rdfs:label>
   </fiaf:Person>
   <fiaf:Person rdf:about="http://example.org/EFG/BNFA_person_286a61f2f81838482ef9dfd52d9b209b">
      <rdfs:label>Efremov, Boris</rdfs:label>
   </fiaf:Person>
   <fiaf:Person rdf:about="http://example.org/EFG/BNFA_person_c0546bac62d8bb681191daaf9dee1684">
      <rdfs:label>Zlatanov, Nikolap</rdfs:label>
   </fiaf:Person>
   <fiaf:Person rdf:about="http://example.org/EFG/BNFA_person_eb23babcbc4b255882501c59b7c322a8">
      <rdfs:label>Donov, Veselin</rdfs:label>
   </fiaf:Person>
   <fiaf:Person rdf:about="http://example.org/EFG/BNFA_person_9087f201995679e1c5c638eb29a8e673">
      <rdfs:label>Terziev, Tzvetan</rdfs:label>
   </fiaf:Person>
   <fiaf:Person rdf:about="http://example.org/EFG/BNFA_person_6157edf0a6d8752ac9b7b684a72d322d">
      <rdfs:label>Bidzheranov, Sami</rdfs:label>
   </fiaf:Person>
   <fiaf:Person rdf:about="http://example.org/EFG/BNFA_person_c23cb973d1796b2679fe7b454de99fb4">
      <rdfs:label>Strumski, Doncho</rdfs:label>
   </fiaf:Person>
   <fiaf:Person rdf:about="http://example.org/EFG/BNFA_person_150e2139c8d8d6bc405736196d9b8e88">
      <rdfs:label>Popov, Konstantin</rdfs:label>
   </fiaf:Person>
   <fiaf:Person rdf:about="http://example.org/EFG/BNFA_person_a455914fa7e28e922331bc73b78e5f55">
      <rdfs:label>Durov, Georgi</rdfs:label>
   </fiaf:Person>
   <fiaf:Person rdf:about="http://example.org/EFG/BNFA_person_70fc3a25c0705b86e1d43cd956edf482">
      <rdfs:label>Petrov, Stefan</rdfs:label>
   </fiaf:Person>
   <fiaf:Person rdf:about="http://example.org/EFG/BNFA_person_ac4bc8bb8bfab8bc19b9dc20d9fb45f8">
      <rdfs:label>Lazarov, Baruh</rdfs:label>
   </fiaf:Person>
   <fiaf:CorporateBody rdf:about="http://example.org/EFG/BNFA_corporate_f05d07b7f7f8f48146ed9c72f988b393">
      <rdfs:label>Studia za Hronikalni i Dokumentalni Filmi</rdfs:label>
   </fiaf:CorporateBody>
   <fiaf:Manifestation rdf:about="http://example.org/EFG/BNFA_avManifestation_BNF010003555">
      <fiaf:hasIdentifier>
         <fiaf:Identifier>
            <fiaf:hasIdentifierValue>BNF010003555</fiaf:hasIdentifierValue>
         </fiaf:Identifier>
      </fiaf:hasIdentifier>
      <fiaf:hasTitle>
         <fiaf:PreferredTitle>
            <fiaf:hasTitleValue xml:lang="bg">Кино преглед 48</fiaf:hasTitleValue>
         </fiaf:PreferredTitle>
      </fiaf:hasTitle>
      <fiaf:hasSoundCharacteristic rdf:resource="https://fiafcore.org/ontology/Sound"/>
      <fiaf:hasColourCharacteristic rdf:resource="https://fiafcore.org/ontology/BlackAndWhite"/>
      <fiaf:hasFormat rdf:resource="https://fiafcore.org/ontology/35mmFilm"/>
      <fiaf:hasExtent>
         <fiaf:Minutes>
            <fiaf:hasExtentValue>00:10:18</fiaf:hasExtentValue>
         </fiaf:Minutes>
      </fiaf:hasExtent>
      <fiaf:hasItem rdf:resource="http://example.org/EFG/BNFA_item_D8+jV-cvJA5OdYaD0c0Pjw"/>
   </fiaf:Manifestation>
   <fiaf:Item rdf:about="http://example.org/EFG/BNFA_item_D8+jV-cvJA5OdYaD0c0Pjw"/>
</rdf:RDF>
