<?xml version="1.0" encoding="UTF-8"?>
<rdf:RDF xmlns:rdf="http://www.w3.org/1999/02/22-rdf-syntax-ns#"
         xmlns:rdfs="http://www.w3.org/2000/01/rdf-schema#"
         xmlns:fiaf="https://fiafcore.org/ontology/">
   <fiaf:WorkVariant rdf:about="http://example.org/EFG/BNFA_avCreation_BNF010007240">
      <rdfs:label xml:lang="bg">Откриване паметна плоча на Владислав Варненчик</rdfs:label>
      <fiaf:hasIdentifier>
         <fiaf:Identifier>
            <fiaf:hasIdentifierValue>BNF010007240</fiaf:hasIdentifierValue>
         </fiaf:Identifier>
      </fiaf:hasIdentifier>
      <fiaf:hasTitle>
         <fiaf:PreferredTitle>
            <fiaf:hasTitleValue xml:lang="bg">Откриване паметна плоча на Владислав Варненчик</fiaf:hasTitleValue>
         </fiaf:PreferredTitle>
      </fiaf:hasTitle>
      <fiaf:hasTitle>
         <fiaf:TranslatedTitle>
            <fiaf:hasTitleValue xml:lang="en">Unveiling a memorial to Vladislav Varnenchik</fiaf:hasTitleValue>
         </fiaf:TranslatedTitle>
      </fiaf:hasTitle>
      <fiaf:hasCountry rdf:resource="http://example.org/EFG/country/BG"/>
      <fiaf:hasForm rdf:resource="http://example.org/EFG/form/Newsreel"/>
      <fiaf:hasEvent>
         <fiaf:ProductionEvent>
            <fiaf:hasEventDate>1935</fiaf:hasEventDate>
         </fiaf:ProductionEvent>
      </fiaf:hasEvent>
      <fiaf:hasManifestation rdf:resource="http://example.org/EFG/BNFA_avManifestation_BNF010007240"/>
   </fiaf:WorkVariant>
   <fiaf:Manifestation rdf:about="http://example.org/EFG/BNFA_avManifestation_BNF010007240">
      <fiaf:hasIdentifier>
         <fiaf:Identifier>
            <fiaf:hasIdentifierValue>BNF010007240</fiaf:hasIdentifierValue>
         </fiaf:Identifier>
      </fiaf:hasIdentifier>
      <fiaf:hasTitle>
         <fiaf:PreferredTitle>
            <fiaf:hasTitleValue xml:lang="bg">Откриване паметна плоча на Владислав Варненчик</fiaf:hasTitleValue>
         </fiaf:PreferredTitle>
      </fiaf:hasTitle>
      <fiaf:hasSoundCharacteristic rdf:resource="https://fiafcore.org/ontology/Silent"/>
      <fiaf:hasColourCharacteristic rdf:resource="https://fiafcore.org/ontology/BlackAndWhite"/>
      <fiaf:hasFormat rdf:resource="https://fiafcore.org/ontology/35mmFilm"/>
      <fiaf:hasExtent>
         <fiaf:Minutes>
            <fiaf:hasExtentValue>00:06:34</fiaf:hasExtentValue>
         </fiaf:Minutes>
      </fiaf:hasExtent>
      <fiaf:hasItem rdf:resource="http://example.org/EFG/BNFA_item_BkAzyQ8ANuwyvXgm0TVA1g"/>
   </fiaf:Manifestation>
   <fiaf:Item rdf:about="http://example.org/EFG/BNFA_item_BkAzyQ8ANuwyvXgm0TVA1g"/>
</rdf:RDF>
